segment_id,resource_id,route_segment_id,origin,destination,route_start_time,route_end_time,load_start_time,load_end_time,resource_speed,evacuees,evacuated_location
1,Vessel 1,1,Safe dock 00,Evac dock 00,25.18401044781916,96.30398692740442,96.30398692740442,100.30398692740442,22.0,0,None
2,Vessel 1,2,Evac dock 00,Safe dock 01,100.30398692740442,109.35295024566332,109.35295024566332,113.35295024566332,22.0,214,Evac Location 0
1,Vessel 2,1,Safe dock 00,Evac dock 21,22.39509778620926,53.40305794205575,53.40305794205575,59.40305794205575,11.0,0,None
2,Vessel 2,2,Evac dock 21,Safe dock 02,59.40305794205575,81.42590946925559,81.42590946925559,87.42590946925559,11.0,198,Evac Location 2
1,Vessel 3,1,Safe dock 01,Evac dock 20,79.64143470773472,100.05560858038649,100.05560858038649,106.05560858038649,15.0,0,None
2,Vessel 3,2,Evac dock 20,Safe dock 02,106.05560858038649,122.20569970033303,122.20569970033303,128.205699700333,15.0,310,Evac Location 2
1,Vessel 5,1,Safe dock 01,Evac dock 00,44.542657477337606,112.40571605821509,112.40571605821509,115.40571605821509,16.0,0,None
2,Vessel 5,2,Evac dock 00,Safe dock 01,115.40571605821509,127.84804062082108,127.84804062082108,130.84804062082108,16.0,280,Evac Location 0
