segment_id,resource_id,route_segment_id,origin,destination,route_start_time,route_end_time,load_start_time,load_end_time,resource_speed,evacuees,evacuated_location
1,Vessel 1,1,Safe dock 00,Evac dock 11,25.18401044781916,30.788246263657086,30.788246263657086,34.788246263657086,22.0,0,None
2,Vessel 1,2,Evac dock 11,Safe dock 01,34.788246263657086,66.8747583259539,66.8747583259539,70.8747583259539,22.0,175,Evac Location 1
1,Vessel 4,1,Safe dock 02,Evac dock 21,20.14436737035838,38.09634430269057,38.09634430269057,48.09634430269057,19.0,0,None
2,Vessel 4,2,Evac dock 21,Safe dock 01,48.09634430269057,60.846416239490466,60.846416239490466,70.84641623949047,19.0,107,Evac Location 2
