segment_id,resource_id,route_segment_id,origin,destination,route_start_time,route_end_time,load_start_time,load_end_time,resource_speed,evacuees,evacuated_location
1,Vessel 1,1,Safe dock 00,Evac dock 11,25.184010447819162,30.788246263657086,30.788246263657086,34.788246263657086,22.0,0,None
2,Vessel 1,2,Evac dock 11,Safe dock 01,34.788246263657086,66.8747583259539,66.8747583259539,70.8747583259539,22.0,300,Evac Location 1
1,Vessel 2,1,Safe dock 00,Evac dock 00,22.395097786209263,164.63505074537977,164.63505074537977,170.63505074537977,11.0,0,None
2,Vessel 2,2,Evac dock 00,Safe dock 02,170.63505074537977,188.7329773818976,188.7329773818976,194.7329773818976,11.0,300,Evac Location 0
1,Vessel 4,1,Safe dock 02,Evac dock 21,20.14436737035838,38.09634430269057,38.09634430269057,48.09634430269057,19.0,0,None
2,Vessel 4,2,Evac dock 21,Safe dock 01,48.09634430269057,60.84641623949047,60.84641623949047,70.84641623949047,19.0,254,Evac Location 2
1,Vessel 5,1,Safe dock 01,Evac dock 00,44.542657477337606,112.40571605821508,112.40571605821508,115.40571605821508,16.0,0,None
2,Vessel 5,2,Evac dock 00,Safe dock 01,115.40571605821508,127.84804062082108,127.84804062082108,130.84804062082108,16.0,280,Evac Location 0
