segment_id,resource_id,route_segment_id,origin,destination,route_start_time,route_end_time,load_start_time,load_end_time,resource_speed,evacuees,evacuated_location,post_run_correction
1,Vessel 1,1,Safe dock 00,Evac dock 11,25.18401044781916,30.788246263657086,30.788246263657086,34.788246263657086,22.0,0,None,
2,Vessel 1,2,Evac dock 11,Safe dock 00,34.788246263657086,66.8747583259539,66.8747583259539,70.8747583259539,22.0,219,Evac Location 1,
1,Vessel 2,1,Safe dock 00,Evac dock 21,22.39509778620926,53.40305794205575,53.40305794205575,59.40305794205575,11.0,0,None,
2,Vessel 2,2,Evac dock 21,Safe dock 02,59.40305794205575,81.42590946925559,81.42590946925559,87.42590946925559,11.0,300,Evac Location 2,
1,Vessel 4,1,Safe dock 02,Evac dock 21,20.14436737035838,38.09634430269057,38.09634430269057,48.09634430269057,19.0,0,None,
2,Vessel 4,2,Evac dock 21,Safe dock 01,48.09634430269057,60.846416239490466,60.846416239490466,70.84641623949047,19.0,58,Evac Location 2,
1,Vessel 5,1,Safe dock 01,Evac dock 20,44.542657477337606,63.680945482948644,63.680945482948644,66.68094548294864,16.0,0,None,
2,Vessel 5,2,Evac dock 20,Safe dock 02,66.68094548294864,81.82165590789853,81.82165590789853,84.82165590789853,16.0,280,Evac Location 2,
