segment_id,resource_id,route_segment_id,origin,destination,route_start_time,route_end_time,load_start_time,load_end_time,resource_speed,evacuees,evacuated_location
1,Vessel 1,1,Safe dock 00,Evac dock 11,25.18401044781916,30.788246263657086,30.788246263657086,34.788246263657086,22.0,0,None
2,Vessel 1,2,Evac dock 11,Safe dock 00,34.788246263657086,66.8747583259539,66.8747583259539,70.8747583259539,22.0,300,Evac Location 1
1,Vessel 2,1,Safe dock 00,Evac dock 21,22.39509778620926,53.40305794205575,53.40305794205575,59.40305794205575,11.0,0,None
2,Vessel 2,2,Evac dock 21,Safe dock 02,59.40305794205575,81.42590946925559,81.42590946925559,87.42590946925559,11.0,19,Evac Location 2
1,Vessel 4,1,Safe dock 02,Evac dock 11,20.14436737035838,26.63348252553914,26.63348252553914,36.63348252553914,19.0,0,None
2,Vessel 4,2,Evac dock 11,Safe dock 00,36.63348252553914,73.78628596609336,73.78628596609336,83.78628596609336,19.0,45,Evac Location 1
1,Vessel 5,1,Safe dock 01,Evac dock 11,44.542657477337606,52.248481724114754,52.248481724114754,55.248481724114754,16.0,0,None
2,Vessel 5,2,Evac dock 11,Safe dock 00,55.248481724114754,99.3674358097729,99.3674358097729,102.3674358097729,16.0,280,Evac Location 1
