segment_id,resource_id,route_segment_id,origin,destination,route_start_time,route_end_time,load_start_time,load_end_time,resource_speed,evacuees,evacuated_location
1,Vessel 1,1,Safe dock 00,Evac dock 00,25.18401044781916,96.30398692740442,96.30398692740442,100.30398692740442,22.0,0,None
2,Vessel 1,2,Evac dock 00,Safe dock 01,100.30398692740442,109.35295024566332,109.35295024566332,113.35295024566332,22.0,64,Evac Location 0
1,Vessel 2,1,Safe dock 00,Evac dock 11,22.39509778620926,33.60356941788511,33.60356941788511,39.60356941788511,11.0,0,None
2,Vessel 2,2,Evac dock 11,Safe dock 00,39.60356941788511,103.77659354247876,103.77659354247876,109.77659354247876,11.0,300,Evac Location 1
1,Vessel 5,1,Safe dock 01,Evac dock 11,44.542657477337606,52.248481724114754,52.248481724114754,55.248481724114754,16.0,0,None
2,Vessel 5,2,Evac dock 11,Safe dock 00,55.248481724114754,99.3674358097729,99.3674358097729,102.3674358097729,16.0,182,Evac Location 1
