segment_id,resource_id,route_segment_id,origin,destination,route_start_time,route_end_time,load_start_time,load_end_time,resource_speed,evacuees,evacuated_location,post_run_correction
1,Vessel 1,1,Safe dock 00,Evac dock 00,25.18401044781916,96.30398692740442,96.30398692740442,100.30398692740442,22.0,0,None,
2,Vessel 1,2,Evac dock 00,Safe dock 01,100.30398692740442,109.35295024566332,109.35295024566332,113.35295024566332,22.0,300,Evac Location 0,
1,Vessel 2,1,Safe dock 00,Evac dock 21,22.39509778620926,53.40305794205575,53.40305794205575,59.40305794205575,11.0,0,None,
2,Vessel 2,2,Evac dock 21,Safe dock 01,59.40305794205575,81.42590946925559,81.42590946925559,87.42590946925559,11.0,245,Evac Location 2,
1,Vessel 4,1,Safe dock 02,Evac dock 00,20.14436737035838,102.49381382040448,102.49381382040448,112.49381382040448,19.0,0,None,
2,Vessel 4,2,Evac dock 00,Safe dock 00,112.49381382040448,122.97156082049374,122.97156082049374,132.97156082049372,19.0,195,Evac Location 0,
1,Vessel 5,1,Safe dock 01,Evac dock 00,44.542657477337606,112.40571605821509,112.40571605821509,115.40571605821509,16.0,0,None,
2,Vessel 5,2,Evac dock 00,Safe dock 00,115.40571605821509,127.84804062082108,127.84804062082108,130.84804062082108,16.0,240,Evac Location 0,
